<?xml version="1.0" encoding="UTF-8"?>
<ccc_description platform="c346">
<lang val="en">
	<param id="1" name="Vehicle Type">
		<option val="45">Ford Focus</option>
		<option val="32">Ford C-Max</option>
		<option val="18">B-Max</option>
		<option val="69">Ford Focus US</option>
		<option val="17">Fiesta</option>
		<option val="05">Galaxy</option>
		<option val="06">Mondeo</option>
		<option val="0A">Kuga</option>
	</param>
	<param id="2" name="Doors">
		<option val="03">4 Door</option>
		<option val="02">5 Door</option>
	</param>
	<param id="3" name="Transmission - driveline">
		<option val="01">2 wheel drive</option>
		<option val="02">All Wheel Drive</option>
	</param>
	<param id="4" name="Bi-Fuel">
	</param>
	<param id="5" name="Engine">
		<option val="61">I4 2.0L Diesel DW10 150/350</option>
		<option val="73">I4 2.0L Diesel DW10 115PS</option>
		<option val="92">1.6L SIGMA TI-VCT 105PS</option>
		<option val="94">1.6L DV6C 95PS</option>
		<option val="3B">1.0L GTDI Fox 105PS</option>
		<option val="3A">1.0L GTDI Fox 120PS</option>
		<option val="25">Sigma 1.6L I4 TI-VCT 125PS</option>
		<option val="97">1.6L GTDI 150PS</option>
		<option val="98">1.6L GTDI 180PS</option>
		<option val="78">1.6L DV6C 115PS</option>
		<option val="6D">I4 2.0 Diesel DW10c 136/140HP</option>
		<option val="0C">2.0L GDI 160PS</option>
		<option val="3E">1.6L DV6C Sub-90 115PS</option>
		<option val="3C">1.6L GTDI Sigma Stratified 150PS</option>
		<option val="3D">1.6L GTDI Sigma Stratified 180PS</option>
		<option val="0A">2.0L Nil 4 GTDi 230PS</option>
		<option val="8D">2.0L TI-VCT GTDI T/C (ST only)</option>
		<option val="B0">1.6L PFI N/A 115PS Sigma FFV</option>
	</param>
	<param id="6" name="Fuel Type">
		<option val="01">Petrol</option>
		<option val="02">Diesel</option>
		<option val="04">Flex Fuel Ethanol</option>
		<option val="07">Electric Powered</option>
	</param>
	<param id="7" name="Alternator">
		<option val="01">Alternator 150 Amp</option>
		<option val="04">Alternator 120 Amp</option>
	</param>
	<param id="8" name="Steering wheel position">
		<option val="01">Left hand drive</option>
		<option val="02">Right hand drive</option>
	</param>
	<param id="9" name="Gearbox">
		<option val="07">Manual 5-speed FWD</option>
		<option val="08">Powershift 6-speed FWD</option>
		<option val="09">6 Speed Auto Trans DCPS</option>
		<option val="10">Manual 6-speed FWD</option>
		<option val="11">Manual 5-speed FWD</option>
		<option val="44">B6 Manual 6-speed FWD</option>
		<option val="51">5-speed Man Trans GETRAG-B5A</option>
		<option val="0A">1-speed Auto Trans</option>
	</param>
	<param id="10" name="Gearbox">
	</param>
	<param id="11" name="Fuel tank volume">
		<option val="0C">Medium (55L)</option>
		<option val="0F">Flat Floor (for G-Max 62L)</option>
	</param>
	<param id="12" name="Alarm">
		<option val="01">No alarm</option>
		<option val="03">Alarm not CAT1 (Perimeter anti-theft)</option>
		<option val="04">Alarm CAT1 (Thatcham Alarm)</option>
	</param>
	<param id="14" name="Headlights, type">
		<option val="02">Halogen lights with adjuster</option>
		<option val="03">Alternative HID</option>
		<option val="05">HID</option>
	</param>
	<param id="15" name="Headlamps">
		<option val="02">Always dipped light except in Pos p</option>
		<option val="03">RH symmetry</option>
	</param>
	<param id="16" name="DRL">
		<option val="01">Always headlights</option>
		<option val="02">Without DRL (standard light)</option>
		<option val="05">LED DRL</option>
	</param>
	<param id="17" name="Dimmed dipped headlights">
		<option val="01">Without Dimmed Dipped Headlights</option>
		<option val="02">Dimmed dipped headlights</option>
	</param>
	<param id="18" name="Foglight Function">
		<option val="01">Without foglamp</option>
		<option val="02">Foglamp</option>
		<option val="03">Foglamp US</option>
		<option val="06">Without Foglamp (B-Max)</option>
	</param>
	<param id="19" name="Rear foglight tow function">
		<option val="02">Foglamps shut off when triler connected</option>
	</param>
	<param id="20" name="Trailer Module">
		<option val="01">Without Trailer Module</option>
		<option val="02">7-position socket with rear foglamp</option>
		<option val="05">13-position socket</option>
	</param>
	<param id="21" name="Keyless entry and start">
		<option val="01">Without Keyless Entry and Start</option>
		<option val="02">Keyless Entry and Start</option>
		<option val="03">Keyless Start</option>
	</param>
	<param id="22" name="Additional heater">
		<option val="01">Without fuel fire heater</option>
		<option val="03">Fuel Fired Parking Heater (FFPH)</option>
	</param>
	<param id="23" name="Cruise Control">
		<option val="01">Without cruise control</option>
		<option val="02">Cruise Control</option>
		<option val="03">Adaptive Cruise Control</option>
	</param>
	<param id="24" name="Rain Sensor">
		<option val="01">Without rain sensor</option>
		<option val="02">Rain Sensor</option>
	</param>
	<param id="25" name="Headlight cleaning">
		<option val="01">Without Headlamp Washer</option>
		<option val="02">Headlamp Washer</option>
	</param>
	<param id="26" name="Power steering type">
		<option val="03">Hydraulic Power Steering, Speed Sensitive</option>
		<option val="04">Electro Power Steering</option>
	</param>
	<param id="27" name="Trip computer">
		<option val="01">Without trip computer</option>
		<option val="02">Trip Computer</option>
		<option val="04">Trip Computer and ECO-scout</option>
	</param>
	<param id="28" name="Private locking trunk">
		<option val="01">Without private locking</option>
		<option val="02">Private locking</option>
	</param>
	<param id="29" name="Child lock">
		<option val="02">Manual child lock</option>
		<option val="03">Electric child lock</option>
	</param>
	<param id="30" name="Unlocking settings">
		<option val="02">Two step opening</option>
		<option val="03">One step opening</option>
	</param>
	<param id="31" name="Acknowledge signal lock/alarm">
		<option val="02">Lock/Unlock Acknowledge</option>
	</param>
	<param id="32" name="Automatic locking by speed">
		<option val="01">Without automatic locking</option>
		<option val="02">Automatic Locking</option>
	</param>
	<param id="33" name="Level sensor - if alarm">
		<option val="01">With level sensor</option>
	</param>
	<param id="34" name="Reset - if alarm">
		<option val="01">Without retrigger functionality</option>
		<option val="02">Retrigger functionality</option>
	</param>
	<param id="35" name="Passive Alarm Activation">
		<option val="01">Without automatic alarm activate</option>
	</param>
	<param id="36" name="Panic Alarm">
		<option val="01">Without panic alarm</option>
		<option val="02">Without panic alarm US</option>
	</param>
	<param id="37" name="Blind spot information system">
		<option val="01">Without Blind Spot Information System</option>
		<option val="04">Blind Spot Information System With Radar 'CAN LED'</option>
	</param>
	<param id="39" name="PTC heater">
		<option val="01">Without PTC heater</option>
		<option val="02">With PTC Heater</option>
	</param>
	<param id="40" name="Battery">
	</param>
	<param id="41" name="Coupe filter">
	</param>
	<param id="42" name="Climate control unit">
		<option val="01">Electronic Climate Control</option>
		<option val="02">With Air Conditioning</option>
		<option val="03">Automatic Temperature Control (B-Max)</option>
		<option val="04">Without Air Conditioning</option>
	</param>
	<param id="43" name="Speed limitation">
		<option val="07">No speed limit</option>
		<option val="04">Speed Limit 90 km/h</option>
		<option val="05">Speed Limit 100 km/h</option>
		<option val="08">Speed Limit 120 km/h</option>
		<option val="02">Speed Limit 190 km/h</option>
		<option val="03">Speed Limit 210 km/h</option>
		<option val="09">Speed Limit 240 km/h</option>
		<option val="01">Speed Limit 250 km/h</option>
	</param>
	<param id="44" name="Speed Warning Device">
		<option val="01">Without Speed Warning</option>
	</param>
	<param id="45" name="Instrumental Cluster Calibration">
		<option val="01">For USA (MPH)</option>
		<option val="02">For England</option>
		<option val="03">For Canada (KPH)</option>
		<option val="05">For Europe</option>
	</param>
	<param id="47" name="Interior motion sensor">
		<option val="01">Without Interior Movement Sensor</option>
		<option val="02">Interior Movement Sensor</option>
	</param>
	<param id="51" name="Tire circumference">
		<option val="58">1930mm (205/55 R16 V/W)</option>
		<option val="59">1935mm</option>
		<option val="64">1955mm (215/55 R16 H/V/W)</option>
		<option val="65">1930mm (235/45 R17 W)</option>
		<option val="67">1975mm</option>
		<option val="06">2005mm (225/50 R17W)</option>
	</param>
	<param id="56" name="Callstart of parking heater">
		<option val="01">Without callstart of parking heater</option>
		<option val="02">Callstart via pager</option>
		<option val="03">Callstart via radio</option>
	</param>
	<param id="57" name="Parking brake">
		<option val="02">Electric</option>
		<option val="03">Manual</option>
	</param>
	<param id="58" name="Heated windshield">
		<option val="01">No heated windshield</option>
		<option val="02">Heated front windshield</option>
	</param>
	<param id="59" name="Parking assistance">
		<option val="01">Without Parking Assistance</option>
		<option val="02">Parking Assistance Rear Only</option>
		<option val="03">Parking Assistance Rear and Front (B-Max)</option>
		<option val="05">Parking Assistance, Front and Rear with SAPP</option>
	</param>
	<param id="60" name="Hill Descent Control">
		<option val="01">Without Hill Descent Control</option>
	</param>
	<param id="61" name="Safety belt reminder">
	</param>
	<param id="62" name="Brand">
		<option val="02">Ford Europe</option>
		<option val="09">Ford North America</option>
	</param>
	<param id="63" name="Frequency - remote controls">
		<option val="01">315 MHz</option>
		<option val="24">434 MHz</option>
	</param>
	<param id="64" name="Air condition, rear">
		<option val="01">Without rear air condition</option>
	</param>
	<param id="65" name="Glass type">
		<option val="01">Standard windshield glass</option>
		<option val="02">IR protected windshield glass</option>
		<option val="03">Tinted glass</option>
		<option val="04">Privacy glass</option>
	</param>
	<param id="66" name="Roof type">
		<option val="01">Standard windshield glass</option>
		<option val="02">Panorama Roof</option>
	</param>
	<param id="67" name="Octane rating">
		<option val="01">91 RON</option>
		<option val="02">95 RON</option>
		<option val="03">RON Rating Not Required</option>
	</param>
	<param id="68" name="Emission standard">
	</param>
	<param id="69" name="Body style">
		<option val="11">4 door sedan</option>
		<option val="12">4 door station wagon</option>
		<option val="13">5 door sedan</option>
		<option val="29">Compact MAX</option>
		<option val="30">Grand MAV</option>
	</param>
	<param id="70" name="Tire dimension">
		<option val="19">235/40 R18 95Y (1965mm)</option>
		<option val="0B">T125/90 R16 98</option>
		<option val="15">215/55 R16 93W (1960mm)</option>
		<option val="13">215/55 R16 97V (1960mm)</option>
		<option val="14">215/55 R16 93V (1960mm)</option>
		<option val="38">215/55 R16 93H</option>
		<option val="54">205/55 R16 91V</option>
		<option val="56">215/55 R16 W SST</option>
		<option val="57">215/50 R17 W</option>
		<option val="0A">235/40 R18 95W XL</option>
		<option val="0C">195/65 R15 91V</option>
		<option val="02">205/60 R16 V</option>
	</param>
	<param id="71" name="Final Drive Ratio">
		<option val="01">4.059</option>
		<option val="02">4.067</option>
		<option val="09">4.27</option>
		<option val="21">3.813</option>
		<option val="30">3.85</option>
		<option val="34">3.69</option>
		<option val="35">4.25</option>
		<option val="42">3.61</option>
		<option val="44">3.895</option>
		<option val="53">4.57</option>
		<option val="54">3.26</option>
	</param>
	<param id="73" name="Loudspeaker quantities">
		<option val="02">6 Speakers</option>
		<option val="04">4 Speakers</option>
		<option val="09">9 Speakers</option>
		<option val="14">10 High Series Speakers w/Subwoofer</option>
		<option val="11">11 Speakers W/Sub Woofer</option>
	</param>
	<param id="74" name="Suspension">
		<option val="01">Standard Duty Suspension</option>
		<option val="02">With Sport Suspension</option>
	</param>
	<param id="75" name="Vehicle dynamic control">
		<option val="01">No BCM</option>
		<option val="02">ESP</option>
		<option val="04">ABS only</option>
		<option val="06">ABS Only (B-Max)</option>
		<option val="09">ESP with Roll Stability Control w/o HLA</option>
	</param>
	<param id="76" name="Towbar">
		<option val="01">Without trailer tow attachment</option>
		<option val="02">Trailer tow attachment</option>
	</param>
	<param id="81" name="Active suspension">
		<option val="01">Without Active suspension</option>
	</param>
	<param id="83" name="Central lock, type">
		<option val="01">Without Burglarproof Locks</option>
		<option val="02">Burglarproof Locks</option>
	</param>
	<param id="85" name="Rear view mirrors">
		<option val="01">Without retractable mirrors</option>
		<option val="02">Retractable mirrors</option>
	</param>
	<param id="86" name="Memory function">
	</param>
	<param id="87" name="Puddle lamp">
		<option val="01">Without Puddle Lamp</option>
		<option val="02">Puddle Lamp</option>
	</param>
	<param id="88" name="Automatic Lights">
		<option val="01">Without Automatic Lights</option>
		<option val="02">Automatic Lights</option>
		<option val="03">With Auto High Lamp Headlamp</option>
	</param>
	<param id="89" name="Airbag">
		<option val="01">Without passenger airbag</option>
		<option val="02">Passenger airbag</option>
	</param>
	<param id="90" name="Cutoff switch passenger airbag">
		<option val="01">Without cutt-off switch for passenger airbag</option>
		<option val="02">With Cutt-off Switch for Passenger Airbag</option>
	</param>
	<param id="91" name="Side airbag driver">
		<option val="01">Without Side Airbag (Driver)</option>
		<option val="02">With Side Airbag (Driver)</option>
	</param>
	<param id="92" name="Side airbag passenger">
		<option val="01">Without Side Airbag (Passenger)</option>
		<option val="02">With Side Airbag (Passenger)</option>
	</param>
	<param id="93" name="Language">
		<option val="18">Russian</option>
		<option val="01">Swedish</option>
		<option val="04">English</option>
		<option val="05">German</option>
		<option val="06">Danish</option>
		<option val="07">French</option>
		<option val="08">Italian</option>
		<option val="09">Spanish</option>
		<option val="26">Chinese</option>
	</param>
	<param id="96" name="Collision mitigation by braking">
	</param>
	<param id="97" name="Forward Collision Warning">
	</param>
	<param id="98" name="Lane departure warning">
	</param>
	<param id="99" name="Park assist camera">
		<option val="01">Without Park Assist Camera</option>
		<option val="02">With Park Assist Camera</option>
	</param>
	<param id="101" name="Tire pressure monitoring">
		<option val="01">Without monitoring system</option>
		<option val="05">TPMS with Tyre Pressure Sensors 4WHL</option>
		<option val="44">Deflation Detection System</option>
	</param>
	<param id="102" name="Oil level sensor">
	</param>
	<param id="103" name="Roll stability control">
	</param>
	<param id="105" name="Wheel brakes type rear">
	</param>
	<param id="106" name="Emergency brake lamp">
		<option val="01">Without emergency brake light</option>
		<option val="02">With Emergency Brake Light Flashing</option>
		<option val="04">With Emergency Brake Light - Hazard Warn</option>
	</param>
	<param id="108" name="Roof Hatch">
		<option val="01">Roof Hatch</option>
		<option val="02">Without roof opening</option>
	</param>
	<param id="109" name="Power rear windows">
		<option val="02">Electric</option>
		<option val="03">Manual</option>
	</param>
	<param id="110" name="Frequency band and step">
		<option val="01">For Europe</option>
		<option val="03">For USA</option>
		<option val="04">For Japan</option>
	</param>
	<param id="111" name="Trim level">
	</param>
	<param id="112" name="In Car Entertainment">
		<option val="01">Without ice pack</option>
		<option val="03">Low level CD and AM/FM radio</option>
		<option val="04">High level CD and AM/FM radio</option>
		<option val="14">3000nt series ice pack</option>
	</param>
	<param id="113" name="Voice Control">
		<option val="01">Without voice control</option>
		<option val="02">Basic speech recognition</option>
	</param>
	<param id="117" name="Speedometer">
		<option val="01">KPH</option>
		<option val="02">MPH</option>
	</param>
	<param id="120" name="Centre speaker, dashboard">
		<option val="01">Without Centre Speaker</option>
		<option val="02">Centre Speaker Small</option>
	</param>
	<param id="124" name="Audio player">
		<option val="01">Without Audio Player</option>
		<option val="04">Player For 1 CD with MP3</option>
	</param>
	<param id="123" name="Audio auxiliary input">
	</param>
	<param id="125" name="Satellite radio receiver">
		<option val="01">Without Digital Radio System</option>
		<option val="02">DAB Radio System</option>
	</param>
	<param id="130" name="PAM scan pattern">
		<option val="07">Pattern 7 (Ford Standard)</option>
		<option val="08">Pattern 8 (Ford ST)</option>
	</param>
	<param id="131" name="Front passenger seatbelt reminder">
		<option val="01">Without Beltminder</option>
		<option val="02">With Beltminder (Driver + Pass)</option>
		<option val="03">ST Beltminder -Drvr/EU Tel and Snd (Driver only)</option>
	</param>
	<param id="132" name="Driver knee bolster">
		<option val="01">Without knee bolster</option>
	</param>
	<param id="133" name="Side curtain airbags">
		<option val="01">Without Side Curtain Aidbags</option>
		<option val="02">First and Second Row Side Curtain Airbags RH/LH</option>
	</param>
	<param id="134" name="Airbag, driver side">
		<option val="01">Without Driver Airbag</option>
		<option val="02">With driver airbag</option>
	</param>
	<param id="135" name="Front seatbelt pretensioner">
		<option val="01">Without seatbelt pretensioner</option>
		<option val="02">Seatbelt pretensioner</option>
	</param>
	<param id="136" name="Seat belt warning">
	</param>
	<param id="139" name="Rear opening">
	</param>
	<param id="143" name="Rear wash wipe">
		<option val="01">Without rear wash wipe</option>
		<option val="02">Rear wash wipe</option>
		<option val="04">Rear Wash Wipe Linked to Transmission (B-Max)</option>
	</param>
	<param id="144" name="Power/Heated Mirrors">
		<option val="02">Short arm power/heated mirrors</option>
		<option val="05">Long arm power/heated mirrors</option>
	</param>
	<param id="145" name="Auto relocking">
	</param>
	<param id="147" name="Audible mislock feedback">
	</param>
	<param id="150" name="Air quality sensor">
	</param>
	<param id="154" name="Accessory USB unit">
		<option val="01">Without Accessory USB Unit (B-Max)</option>
		<option val="04">With USB Unit and iPod function</option>
		<option val="07">Without USB unit</option>
	</param>
	<param id="157" name="Bluetooth handsfree">
		<option val="01">Without Bluetooth hands-free</option>
		<option val="02">With Bluetooth Handsfree</option>
		<option val="05">BT/VC Phone Interface + USB Connection</option>
		<option val="06">BT/VC + Info + Navigation</option>
		<option val="08">SYNC G1 BT-Phone BT-Audio</option>
	</param>
	<param id="158" name="Occupant weight sensor (OWS)">
	</param>
	<param id="159" name="Rear belt detection">
	</param>
	<param id="161" name="Adaptive load limiter front">
	</param>
	<param id="162" name="Seat track sensor">
	</param>
	<param id="172" name="Touchscreen">
		<option val="03">With Display - No Touchscreen, Mono, MFD3</option>
		<option val="04">With Display - No Touchscreen, Colour-TFT, MFD 4</option>
		<option val="05">With Display - No Touchscreen, Starbust, MFD 2</option>
		<option val="06">With Display - No Touchscreen, Colour-TFT, MFD 5</option>
		<option val="07">With Display - No Touchscreen, Colour-TFT, DM4</option>
		<option val="08">With Display - No Touchscreen, Colour-TFT, DM8 w/o Navi</option>
		<option val="09">With Display - No Touchscreen, Colour-TFT, DM8 with Navi</option>
	</param>
	<param id="177" name="Self opening boot / tailgate">
	</param>
	<param id="178" name="Shift indication">
		<option val="01">Without Shift Indication</option>
		<option val="02">With Shift Indication</option>
	</param>
	<param id="183" name="Engine cooling fan performance">
	</param>
	<param id="184" name="Global Open/Close">
		<option val="01">Global open/close disabled</option>
		<option val="02">Global open/close (B-Max)</option>
		<option val="03">Global open/close doors and sunroof</option>
	</param>
	<param id="186" name="Door remote control channel">
	</param>
	<param id="187" name="Audio buttons on steering wheel">
		<option val="01">Without Audio Buttons</option>
		<option val="02">With Audio Buttons in Steering Wheel</option>
		<option val="03">With Audio Buttons and MFD Remote Controller</option>
	</param>
	<param id="191" name="Driver Impairment Monitor">
	</param>
	<param id="192" name="City Safety">
	</param>
	<param id="194" name="Mirror Mounted Turn Signal">
	</param>
	<param id="195" name="Fuel Pump">
	</param>
	<param id="196" name="Taillamps">
		<option val="02">Level 1: Standard Rear Combination</option>
		<option val="03">Level 2: LED Rear Combination Lamp</option>
	</param>
	<param id="199" name="Trailer Stability Assist">
	</param>
	<param id="201" name="Reverse Gear Chime">
		<option val="01">Without chime</option>
		<option val="02">With chime</option>
	</param>
	<param id="203" name="Wheel Speed Sensor Type">
		<option val="01">With direction (Autoparking)</option>
		<option val="02">Without Direction</option>
	</param>
	<param id="208" name="Steering Column Lock">
		<option val="01">Without Steering Column Lock</option>
		<option val="02">Electric Steering Column Lock</option>
	</param>
	<param id="210" name="Battery">
		<option val="03">T7 80Ah 700 Cold Cranking Ampere</option>
		<option val="0A">T6 IF 60Ah 650 Cold Cranking Ampere</option>
		<option val="10">T5 52Ah 500 Cold Cranking Ampere</option>
		<option val="11">T6 60Ah 590 Cold Cranking Ampere</option>
	</param>
	<param id="211" name="Battery Monitor Sensor">
	</param>
	<param id="214" name="Integrated Control Panel">
		<option val="01">No ICP fitted</option>
		<option val="02">Standard ICP</option>
		<option val="03">Extended ICP</option>
		<option val="04">Branded ICP</option>
		<option val="05">Navigation ICP</option>
		<option val="06">Branded Navigation ICP</option>
		<option val="07">Extended SYNC ICP w/o Navi</option>
		<option val="08">Branded ICP/Mini EFP</option>
	</param>
	<param id="216" name="Aesthetic Lighting">
		<option val="01">Without Aesthetic Lighting</option>
		<option val="02">With Aesthetic Lighting (B-Max)</option>
		<option val="03">Multi Colour Ambient LED Lighting (Pack 2)</option>
		<option val="04">With Interior lighting - Ambient LED</option>
	</param>
	<param id="218" name="HillLaunch Assist">
		<option val="01">Without Hill Launch Assist</option>
		<option val="02">With Hill Launch Assist</option>
	</param>
	<param id="222" name="Start Stop">
		<option val="01">Without Start/Stop</option>
		<option val="02">With Start/Stop</option>
	</param>
	<param id="224" name="Adjustable Speed Limiter">
		<option val="01">Without ASL</option>
		<option val="02">With ASL</option>
	</param>
	<param id="226" name="Lock Status Indication Config">
	</param>
	<param id="231" name="Fuel Tank Table">
		<option val="02">Fuel Tank Table 1</option>
		<option val="05">Fuel Tank Table 4</option>
	</param>
	<param id="236" name="Steering Gears C Factor">
		<option val="01">Standard</option>
		<option val="03">ST</option>
	</param>
	<param id="239" name="My Key">
	</param>
	<param id="240" name="Traffic Sign Recognition">
	</param>
	<param id="242" name="Remote Start">
	</param>
	<param id="243" name="Shifter Type">
		<option val="01">Less Man Shift Auto Trans</option>
		<option val="02">Select Shift Tech</option>
	</param>
</lang>
<lang val="ru">
	<param id="1" name="Автомобиль">
		<option val="45">Ford Focus</option>
		<option val="32">Ford C-Max</option>
		<option val="18">B-Max</option>
		<option val="69">Ford Focus US</option>
		<option val="17">Fiesta</option>
		<option val="05">Galaxy</option>
		<option val="06">Mondeo</option>
		<option val="0A">Kuga</option>
	</param>
	<param id="2" name="Кол-во дверей">
		<option val="03">4 двери</option>
		<option val="02">5 дверей</option>
	</param>
	<param id="3" name="Привод">
		<option val="01">Передний привод</option>
		<option val="02">Полный привод</option>
	</param>
	<param id="4" name="Bi-Fuel">
	</param>
	<param id="5" name="Двигатель">
		<option val="61">I4 2.0L Diesel DW10 150/350</option>
		<option val="73">I4 2.0L Diesel DW10 115PS</option>
		<option val="92">1.6L SIGMA TI-VCT 105PS</option>
		<option val="94">1.6L DV6C 95PS</option>
		<option val="3B">1.0L GTDI Fox 105PS</option>
		<option val="3A">1.0L GTDI Fox 120PS</option>
		<option val="25">Sigma 1.6L I4 TI-VCT 125PS</option>
		<option val="97">1.6L GTDI 150PS</option>
		<option val="98">1.6L GTDI 180PS</option>
		<option val="78">1.6L DV6C 115PS</option>
		<option val="6D">I4 2.0 Diesel DW10c 136/140HP</option>
		<option val="0C">2.0L GDI 160PS</option>
		<option val="3E">1.6L DV6C Sub-90 115PS</option>
		<option val="3C">1.6L GTDI Sigma Stratified 150PS</option>
		<option val="3D">1.6L GTDI Sigma Stratified 180PS</option>
		<option val="0A">2.0L Nil 4 GTDi 230PS</option>
		<option val="8D">2.0L TI-VCT GTDI T/C (ST only)</option>
		<option val="B0">1.6L PFI N/A 115PS Sigma FFV</option>
	</param>
	<param id="6" name="Тип топлива">
		<option val="01">Бензин</option>
		<option val="02">Дизель</option>
		<option val="04">Этанол</option>
		<option val="07">Electric</option>
	</param>
	<param id="7" name="Генератор">
		<option val="01">Генератор 150A</option>
		<option val="04">Генератор 120A</option>
	</param>
	<param id="8" name="Расположение руля">
		<option val="01">Левый руль</option>
		<option val="02">Правый руль</option>
	</param>
	<param id="9" name="Коробка передач">
		<option val="07">Manual 5-speed FWD</option>
		<option val="08">Powershift 6-speed FWD</option>
		<option val="09">6 Speed Auto Trans DCPS</option>
		<option val="10">Manual 6-speed FWD</option>
		<option val="11">Manual 5-speed FWD</option>
		<option val="44">B6 Manual 6-speed FWD</option>
		<option val="51">5-speed Man Trans GETRAG-B5A</option>
		<option val="0A">1-speed Auto Trans</option>
	</param>
	<param id="10" name="Коробка передач">
	</param>
	<param id="11" name="Топливный бак">
		<option val="0C">55 литров</option>
		<option val="0F">Flat Floor(G-Max 62L)</option>
	</param>
	<param id="12" name="Сигнализация">
		<option val="01">Без сигнализации</option>
		<option val="03">Охрана периметра</option>
		<option val="04">Сигнализация CAT1 Thatcham</option>
	</param>
	<param id="14" name="Головной свет">
		<option val="02">Галогеновые с ручным корректором</option>
		<option val="03">HID Альтернативный</option>
		<option val="05">HID</option>
	</param>
	<param id="15" name="Headlamps">
		<option val="02">Always dipped light except in Pos p</option>
		<option val="03">RH symmetry</option>
	</param>
	<param id="16" name="ДХО">
		<option val="01">Всегда ближний свет</option>
		<option val="02">Стандартный свет</option>
		<option val="04">Всегда ближний без индикации</option>
		<option val="05">LED ДХО</option>
	</param>
	<param id="17" name="Приглушение головного света">
		<option val="01">Ближний свет в полную яркость</option>
		<option val="02">Приглушенный ближний в режиме ДХО</option>
	</param>
	<param id="18" name="Противотуманные фары">
		<option val="01">Без ПТФ</option>
		<option val="02">Противотуманные фары</option>
		<option val="03">ПТФ гаснут при включении дальнего</option>
		<option val="06">Без ПТФ (B-Max)</option>
	</param>
	<param id="19" name="Противотуманные фонари">
		<option val="02">Выключены когда присоединен прицеп</option>
	</param>
	<param id="20" name="Модуль прицепа">
		<option val="01">Без модуля прицепа</option>
		<option val="02">7-контактный с ПТФ</option>
		<option val="05">13-контактный</option>
	</param>
	<param id="21" name="Бесключевой доступ">
		<option val="01">Отсутствует</option>
		<option val="02">Бесключевой доступ и запуск</option>
		<option val="03">Бесключевой запуск</option>
	</param>
	<param id="22" name="Топливный отопитель">
		<option val="01">Отсутствует</option>
		<option val="03">Доп. отопитель на топливе</option>
	</param>
	<param id="23" name="Круиз-контроль">
		<option val="01">Отсутствует</option>
		<option val="02">Простой круиз-контроль</option>
		<option val="03">Адаптивный круиз-контроль</option>
	</param>
	<param id="24" name="Датчик дождя">
		<option val="01">Без датчика дождя</option>
		<option val="02">С датчиком дождя</option>
	</param>
	<param id="25" name="Омыватель фар">
		<option val="01">Без омывателя фар</option>
		<option val="02">С омывателем фар</option>
	</param>
	<param id="26" name="Усилитель руля">
		<option val="03">Гидроусилитель</option>
		<option val="04">Электроусилитель</option>
	</param>
	<param id="27" name="Бортовой компьютер">
		<option val="01">Без БК</option>
		<option val="02">С бортовым компьютером</option>
		<option val="04">БК с функцией ECO-mode</option>
	</param>
	<param id="28" name="Private locking trunk">
		<option val="01">Without private locking</option>
		<option val="02">Private locking</option>
	</param>
	<param id="29" name="Детский замок">
		<option val="02">Механический</option>
		<option val="03">Электрический</option>
	</param>
	<param id="30" name="Отпирание дверей">
		<option val="02">Открытие в два этапа</option>
		<option val="03">Одношаговое отпирание</option>
	</param>
	<param id="31" name="Подтверждение запирания/охраны">
		<option val="02">Мигание поворотниками</option>
	</param>
	<param id="32" name="Запирание дверей при движении">
		<option val="01">Без запирания дверей</option>
		<option val="02">Автозапирание дверей при S &gt; 7км/ч</option>
	</param>
	<param id="33" name="Датчик уровня сигнализации">
		<option val="01">С датчиком уровня</option>
	</param>
	<param id="34" name="Активация сигнализации">
		<option val="01">Без перепостановки на охрану</option>
		<option val="02">Перепостановка на охрану</option>
	</param>
	<param id="35" name="Пассивная постановка на охрану">
		<option val="01">Без пассивной активации</option>
	</param>
	<param id="36" name="Режим паники сигнализации">
		<option val="01">Без режима паники</option>
		<option val="02">Без режима паники US</option>
	</param>
	<param id="37" name="Контроль мертвых зон (BLIS)">
		<option val="01">Отсутствует</option>
		<option val="04">Контроль мертвых зон с радаром</option>
	</param>
	<param id="39" name="Электрический отопитель">
		<option val="01">Отсутствует</option>
		<option val="02">С ЭПВС</option>
	</param>
	<param id="40" name="Аккумулятор">
	</param>
	<param id="41" name="Coupe filter">
	</param>
	<param id="42" name="Климат-контроль">
		<option val="01">Электронный климат-контроль</option>
		<option val="02">Кондиционер</option>
		<option val="03">Автоконтроль температуры (B-Max)</option>
		<option val="04">Без кондиционера :(</option>
	</param>
	<param id="43" name="Ограничение скорости">
		<option val="07">Без ограничения</option>
		<option val="04">Ограничение 90 km/h</option>
		<option val="05">Ограничение 100 km/h</option>
		<option val="08">Ограничение 120 km/h</option>
		<option val="02">Ограничение 190 km/h</option>
		<option val="03">Ограничение 210 km/h</option>
		<option val="09">Ограничение 240 km/h</option>
		<option val="01">Ограничение 250 km/h</option>
	</param>
	<param id="44" name="Предупреждение о превышении скорости">
		<option val="01">Без прдупреждения о скорости</option>
	</param>
	<param id="45" name="Панель приборов">
		<option val="01">Для США</option>
		<option val="02">Для Англии</option>
		<option val="03">Для Канады</option>
		<option val="05">Для Европы</option>
	</param>
	<param id="47" name="Датчик движения в салоне">
		<option val="01">Отсутствует</option>
		<option val="02">С датчиком в салоне</option>
	</param>
	<param id="51" name="Окружность шин">
		<option val="58">1930mm (205/55 R16 V/W)</option>
		<option val="59">1935mm</option>
		<option val="64">1955mm (215/55 R16 H/V/W)</option>
		<option val="65">1930mm (235/45 R17 W)</option>
		<option val="67">1975mm</option>
		<option val="06">2005mm (225/50 R17W)</option>
	</param>
	<param id="56" name="Дистанционный запуск">
		<option val="01">Отсутствует</option>
		<option val="02">Запуск через пейджер</option>
		<option val="03">Запуск через радио</option>
	</param>
	<param id="57" name="Стояночный тормоз">
		<option val="02">Электрический</option>
		<option val="03">Механический</option>
	</param>
	<param id="58" name="Обогрев лобового стекла">
		<option val="01">Без обогрева</option>
		<option val="02">С обогревом</option>
	</param>
	<param id="59" name="Помощь при парковке">
		<option val="01">Отсутствует</option>
		<option val="02">Задний парктроник</option>
		<option val="05">Передний и задний парктроник + Автопарковка</option>
	</param>
	<param id="60" name="Помощь при спуске с горы">
		<option val="01">Отсутствует</option>
	</param>
	<param id="61" name="Safety belt reminder">
	</param>
	<param id="62" name="Брэнд">
		<option val="02">Ford Europe</option>
		<option val="09">Ford North America</option>
	</param>
	<param id="63" name="Частоты дистанционного брелока">
		<option val="01">315 MHz</option>
		<option val="24">434 MHz</option>
	</param>
	<param id="64" name="Задний кондиционер">
		<option val="01">Отсутствует</option>
	</param>
	<param id="65" name="Тип стекла">
		<option val="01">Стандартное стекло</option>
		<option val="02">Атермальное стекло</option>
		<option val="03">Тонированное стекло</option>
		<option val="04">Затемненное стекло</option>
	</param>
	<param id="66" name="Тип крыши">
		<option val="01">Стандартная</option>
		<option val="02">Панорамная крыша</option>
	</param>
	<param id="67" name="Октановое число">
		<option val="01">91 RON</option>
		<option val="02">95 RON</option>
		<option val="03">Не требуется</option>
	</param>
	<param id="68" name="Стандарт выбросов">
	</param>
	<param id="69" name="Тип кузова">
		<option val="11">Седан</option>
		<option val="12">Универсал</option>
		<option val="13">Хэтчбек</option>
		<option val="29">Compact MAX</option>
		<option val="30">Grand MAV</option>
	</param>
	<param id="70" name="Размерность шин">
		<option val="19">235/40 R18 95Y (1965mm)</option>
		<option val="0B">T125/90 R16 98</option>
		<option val="15">215/55 R16 93W (1960mm)</option>
		<option val="13">215/55 R16 97V (1960mm)</option>
		<option val="14">215/55 R16 93V (1960mm)</option>
		<option val="38">215/55 R16 93H</option>
		<option val="54">205/55 R16 91V</option>
		<option val="56">215/55 R16 W SST</option>
		<option val="57">215/50 R17 W</option>
		<option val="0A">235/40 R18 95W XL</option>
		<option val="0C">195/65 R15 91V</option>
		<option val="02">205/60 R16 V</option>
	</param>
	<param id="71" name="Главная передача">
		<option val="01">4.059</option>
		<option val="02">4.067</option>
		<option val="09">4.27</option>
		<option val="21">3.813</option>
		<option val="30">3.85</option>
		<option val="34">3.69</option>
		<option val="35">4.25</option>
		<option val="42">3.61</option>
		<option val="44">3.895</option>
		<option val="53">4.57</option>
		<option val="54">3.26</option>
	</param>
	<param id="73" name="Кол-во динамиков">
		<option val="02">6 динамиков</option>
		<option val="04">4 динамика</option>
		<option val="09">9 динамиков</option>
		<option val="14">10 динамиков выс. уровня и сабвуфер</option>
		<option val="11">11 динамиков и сабвуфер</option>
	</param>
	<param id="74" name="Подвеска">
		<option val="01">Стандартая подвеска</option>
		<option val="02">Спортивная подвеска</option>
	</param>
	<param id="75" name="Система стабилизации">
		<option val="01">No BCM</option>
		<option val="02">ESP</option>
		<option val="04">ABS</option>
		<option val="09">ESP без HLA</option>
	</param>
	<param id="76" name="Фаркоп">
		<option val="01">Отсутствует</option>
		<option val="02">С фаркопом</option>
	</param>
	<param id="81" name="Активная подвеска">
		<option val="01">Стандартная подвеска</option>
	</param>
	<param id="83" name="Дверные замки">
		<option val="01">Обычные</option>
		<option val="02">С двойной блокировкой</option>
	</param>
	<param id="85" name="Зеркала заднего вида">
		<option val="01">Без складывания</option>
		<option val="02">Складывающиеся зеркала</option>
	</param>
	<param id="86" name="Memory function">
	</param>
	<param id="87" name="Подсветка в зеркалах заднего вида">
		<option val="01">Отсутствует</option>
		<option val="02">Подсветка поддверного пространства</option>
	</param>
	<param id="88" name="Автоматический свет">
		<option val="01">Отсутствует</option>
		<option val="02">Автоматический ближний свет</option>
		<option val="03">Автоматический дальний и ближний свет</option>
	</param>
	<param id="89" name="Подушка безопасности пассажира">
		<option val="01">Отсутствует</option>
		<option val="02">C подушкой безопасности</option>
	</param>
	<param id="90" name="Выключатель пассажирской подушки">
		<option val="01">Отсутствует</option>
		<option val="02">С выключателем подушки безопасности</option>
	</param>
	<param id="91" name="Боковая подушка водителя">
		<option val="01">Отсутствует</option>
		<option val="02">С боковой подушкой</option>
	</param>
	<param id="92" name="Боковая подушка пассажира">
		<option val="01">Отсутствует</option>
		<option val="02">С боковой подушкой</option>
	</param>
	<param id="93" name="Язык">
		<option val="18">Русский</option>
		<option val="01">Шведский</option>
		<option val="04">Английский</option>
		<option val="05">Немецкий</option>
		<option val="06">Датский</option>
		<option val="07">Французский</option>
		<option val="08">Итальянский</option>
		<option val="09">Испанский</option>
		<option val="26">Китайский</option>
	</param>
	<param id="96" name="Система помощи при торможении">
	</param>
	<param id="97" name="Система предупреждения столкновений">
	</param>
	<param id="98" name="Система удержания в полосе">
	</param>
	<param id="99" name="Камера заднего вида">
		<option val="01">Без камеры</option>
		<option val="02">С камерой заднего обзора</option>
	</param>
	<param id="101" name="Контроль давления в шинах">
		<option val="01">Отсутствует</option>
		<option val="05">TPMS с датчиками в колесах</option>
		<option val="44">DDS без датчиков</option>
	</param>
	<param id="102" name="Датчик уровня масла">
	</param>
	<param id="103" name="Roll stability control">
	</param>
	<param id="105" name="Задние тормоза">
	</param>
	<param id="106" name="Сигнал экстренного торможения">
		<option val="01">Без световой сигнализации</option>
		<option val="02">Световая сигнализация стоп-сигналами</option>
		<option val="04">Частое моргание аварийкой</option>
	</param>
	<param id="108" name="Люк в крыше">
		<option val="01">С люком в крыше</option>
		<option val="02">Без люка</option>
	</param>
	<param id="109" name="Задние стеклоподъемники">
		<option val="02">Электрические</option>
		<option val="03">Механические</option>
	</param>
	<param id="110" name="Диапазон и шаг радиочастот">
		<option val="01">Для Европы</option>
		<option val="03">Для США</option>
		<option val="04">Для Японии</option>
	</param>
	<param id="111" name="Отделка салона">
		<option val="01">Ткань</option>
		<option val="02">Кожа</option>
		<option val="03">Частично кожа</option>
	</param>
	<param id="112" name="Мультимедиа система">
		<option val="01">Без мультимедиа</option>
		<option val="03">Система низкого уровня</option>
		<option val="04">Система высокого уровня</option>
		<option val="14">Фирменная система</option>
	</param>
	<param id="113" name="Голосовое управление">
		<option val="01">Без голосового управления</option>
		<option val="02">С распознаванием голоса</option>
	</param>
	<param id="117" name="Спидометр">
		<option val="01">км/ч</option>
		<option val="02">мили/ч</option>
	</param>
	<param id="120" name="Центральный динамик">
		<option val="01">Без центрального динамика</option>
		<option val="02">С центральным динамиком</option>
	</param>
	<param id="124" name="Аудио плеер">
		<option val="01">Отсутствует</option>
		<option val="04">Плеер на 1 CD с MP3</option>
	</param>
	<param id="123" name="AUX">
	</param>
	<param id="125" name="Спутниковое радио">
		<option val="01">Без спутникового радио</option>
		<option val="02">DAB Радио</option>
	</param>
	<param id="130" name="Схема сканирования парктроника">
		<option val="07">Схема 7 (Стандартная)</option>
		<option val="08">Схема 8 (Ford ST)</option>
	</param>
	<param id="131" name="Сигнал непристегнутого ремня">
		<option val="01">Без напоминания</option>
		<option val="02">Напоминание водитель+пассажир</option>
		<option val="03">ST вариант (только водитель)</option>
	</param>
	<param id="132" name="Защита коленей водителя">
		<option val="01">Отсутствует</option>
	</param>
	<param id="133" name="Боковые шторки безопасности">
		<option val="01">Без боковых шторок</option>
		<option val="02">Боковые шторки для 1 и 2 ряда сидений</option>
	</param>
	<param id="134" name="Подушка безопасности водителя">
		<option val="01">Без подушки безопасности водителя</option>
		<option val="02">С подушкой безопасности водителя</option>
	</param>
	<param id="135" name="Преднатяжители ремней безопасности">
		<option val="01">Без преднатяжителей</option>
		<option val="02">С преднатяжителями ремней</option>
	</param>
	<param id="136" name="Seat belt warning">
	</param>
	<param id="139" name="Задняя дверь">
	</param>
	<param id="143" name="Задний стеклоочиститель">
		<option val="01">Без заднего стеклоочистителя</option>
		<option val="02">Задний стеклоочиститель</option>
	</param>
	<param id="144" name="Зеркала заднего вида">
		<option val="02">Электропривод + обогрев. Короткий рычаг</option>
		<option val="05">Электропривод + обогрев. Длинный рычаг</option>
	</param>
	<param id="145" name="Переблокировка замков">
	</param>
	<param id="147" name="Сигнал при незапирании дверей">
	</param>
	<param id="150" name="Датчик качества воздуха">
	</param>
	<param id="154" name="Дополнительный модуль USB">
		<option val="04">Модуль USB с поддержкой iPod</option>
		<option val="07">Без модуля</option>
	</param>
	<param id="157" name="Bluetooth">
		<option val="01">Без Bluetooth</option>
		<option val="02">Только Bluetooth Handsfree</option>
		<option val="05">BT/VC Phone + USB</option>
		<option val="06">BT/VC + Info + Navigation</option>
		<option val="08">SYNC G1 Bluetooth</option>
	</param>
	<param id="158" name="Датчик присутствия пассажира">
	</param>
	<param id="159" name="Датчики задних ремней безопасности">
	</param>
	<param id="161" name="Adaptive load limiter front">
	</param>
	<param id="162" name="Seat track sensor">
	</param>
	<param id="172" name="Головной экран">
		<option val="05">Монохромный двухстрочный, MFD 2</option>
		<option val="03">Монохромный матричный, MFD 3</option>
		<option val="04">Цветной TFT 4 дюйма, MFD 4</option>
		<option val="06">Цветной TFT 5 дюймов, Навигация MFD 5</option>
		<option val="07">No Touchscreen, Colour-TFT, DM4</option>
		<option val="08">No Touchscreen, Colour-TFT, DM8 w/o Navi</option>
		<option val="09">No Touchscreen, Colour-TFT, DM8 with Navi</option>
	</param>
	<param id="177" name="Привод багажника">
	</param>
	<param id="178" name="Индикация переключения передач">
		<option val="01">Без индикации</option>
		<option val="02">С индикацией</option>
	</param>
	<param id="183" name="Произв-сть вент. охлаждения">
	</param>
	<param id="184" name="Центральный замок">
		<option val="01">Только двери</option>
		<option val="03">Двери и люк</option>
	</param>
	<param id="186" name="Канал дистанционного брелока">
	</param>
	<param id="187" name="Аудио кнопки на руле">
		<option val="01">Без кнопок</option>
		<option val="02">Управление аудио на руле</option>
		<option val="03">Кнопки управления аудио и MFD</option>
	</param>
	<param id="191" name="Датчик усталости водителя">
	</param>
	<param id="192" name="City Safety">
	</param>
	<param id="194" name="Указатели поворота в зеркалах">
	</param>
	<param id="195" name="Топливный насос">
	</param>
	<param id="196" name="Задние фонари">
		<option val="02">Стандартные фонари</option>
		<option val="03">LED фонари</option>
	</param>
	<param id="199" name="Система стабилизации прицепа">
	</param>
	<param id="201" name="Звуковой сигнал заднего хода">
		<option val="01">Выключен</option>
		<option val="02">Включен</option>
	</param>
	<param id="203" name="Датчики скорости вращения колес">
		<option val="01">С опеределение направления</option>
		<option val="02">Без определения направления</option>
	</param>
	<param id="208" name="Блокировка руля">
		<option val="01">Механическая блокировка</option>
		<option val="02">Электрическая блокировка</option>
	</param>
	<param id="210" name="Аккумулятор">
		<option val="03">T7 80Ah 700 Cold Cranking Ampere</option>
		<option val="0A">T6 IF 60Ah 650 Cold Cranking Ampere</option>
		<option val="10">T5 52Ah 500 Cold Cranking Ampere</option>
		<option val="11">T6 60Ah 590 Cold Cranking Ampere</option>
	</param>
	<param id="211" name="Мониторинг аккумулятора">
	</param>
	<param id="214" name="Панель управления мультимедиа">
		<option val="01">Отсутствует</option>
		<option val="02">Стандартная (РП2/32)</option>
		<option val="03">Расширенная (РП3)</option>
		<option val="04">Фирменная (РП7 Sony)</option>
		<option val="05">С навигацией (РП33)</option>
		<option val="06">Фирменная с навигацией (РП86 Sony)</option>
		<option val="07">Расширенная SYNC без навигации</option>
		<option val="08">Фирменная Mini EFP</option>
	</param>
	<param id="216" name="Подсветка салона">
		<option val="01">Без фонового освещения</option>
		<option val="03">Многоцветная LED подсветка</option>
		<option val="04">Одноцветная подсветка</option>
	</param>
	<param id="218" name="Помощь при старте в гору">
		<option val="01">Отсутствует</option>
		<option val="02">Система помощи старта в гору</option>
	</param>
	<param id="222" name="Система Старт-стоп">
		<option val="01">Без Старт-Стоп</option>
		<option val="02">Система Старт-Стоп</option>
	</param>
	<param id="224" name="Настраиваемый ограничитель скорости">
		<option val="01">Отсутствует</option>
		<option val="02">С настраиваемым ограничителем</option>
	</param>
	<param id="226" name="Индикатор блокировки">
	</param>
	<param id="231" name="Таблица топливного бака">
		<option val="02">Таблица 1</option>
		<option val="05">Таблица 4</option>
	</param>
	<param id="236" name="Steering Gears C Factor">
		<option val="01">Standard</option>
		<option val="03">ST</option>
	</param>
	<param id="239" name="My Key">
	</param>
	<param id="240" name="Распознавания дорожных знаков">
	</param>
	<param id="242" name="Дистанционный запуск">
	</param>
	<param id="243" name="Переключения передач АКПП">
		<option val="01">Без ручного выбора</option>
		<option val="02">Ручной выбор передачи</option>
	</param>
</lang>
<lang val="cn">
	<param id="1" name="车辆类型">
		<option val="45">福特福克斯</option>
		<option val="32">福特C-Max</option>
		<option val="18">B-Max</option>
	</param>
	<param id="2" name="车门类型">
		<option val="03">四门</option>
		<option val="02">五门</option>
	</param>
	<param id="3" name="变速器传动系统">
		<option val="01">两轮驱动</option>
		<option val="02">全轮驱动</option>
	</param>
	<param id="4" name="混合动力">
	</param>
	<param id="5" name="引擎">
		<option val="61">I4 2.0L Diesel DW10 150/350</option>
		<option val="73">I4 2.0L Diesel DW10 115PS</option>
		<option val="92">1.6L SIGMA TI-VCT 105PS</option>
		<option val="94">1.6L DV6C 95PS</option>
		<option val="3B">1.0L GTDI Fox 105PS</option>
		<option val="3A">1.0L GTDI Fox 120PS</option>
		<option val="25">Sigma 1.6L I4 TI-VCT 125PS</option>
		<option val="97">1.6L GTDI 150PS</option>
		<option val="98">1.6L GTDI 180PS</option>
		<option val="78">1.6L DV6C 115PS</option>
		<option val="6D">I4 2.0 Diesel DW10c 136/140HP</option>
		<option val="0C">2.0L GDI 160PS</option>
		<option val="3E">1.6L DV6C Sub-90 115PS</option>
		<option val="3C">1.6L GTDI Sigma Stratified 150PS</option>
		<option val="3D">1.6L GTDI Sigma Stratified 180PS</option>
		<option val="0A">2.0L Nil 4 GTDi 230PS</option>
		<option val="8D">2.0L TI-VCT GTDI T/C (ST only)</option>
		<option val="B0">1.6L PFI N/A 115PS Sigma FFV</option>
	</param>
	<param id="6" name="燃料类型">
		<option val="01">汽油</option>
		<option val="02">柴油</option>
		<option val="04">弹性燃料(乙醇)</option>
		<option val="07">电力</option>
	</param>
	<param id="7" name="交流发电机">
		<option val="01">150安交流发电机</option>
		<option val="04">120安交流发电机</option>
	</param>
	<param id="8" name="驾驶位置">
		<option val="01">左驾驶</option>
		<option val="02">右驾驶</option>
	</param>
	<param id="9" name="变速箱">
		<option val="07">五速手动前驱变速箱</option>
		<option val="08">六速双离合前驱变速箱(Powershift)</option>
		<option val="09">六速自动变速箱(DCPS)</option>
		<option val="10">六速手动前驱变速箱</option>
		<option val="11">五速手动前驱变速箱</option>
		<option val="44">B6六速手动前驱变速箱</option>
		<option val="51">五速手动变速箱(GETRAG-B5A)</option>
		<option val="0A">单速自动变速箱</option>
	</param>
	<param id="10" name="变速箱">
	</param>
	<param id="11" name="油箱容积">
		<option val="0C">中等(55升)</option>
		<option val="0F">平铺(G-Max用62升)</option>
	</param>
	<param id="12" name="警报">
		<option val="01">无警报</option>
		<option val="03">非CAT1警报(周界防盗)</option>
		<option val="04">CAT1警报(Thatcham 警报)</option>
	</param>
	<param id="14" name="头灯及类型">
		<option val="02">带调节卤素灯</option>
		<option val="03">选装HID(氙气灯)</option>
		<option val="05">HID(氙气灯)</option>
	</param>
	<param id="15" name="头灯">
		<option val="02">除了在p位置的时候始终使用近光灯</option>
		<option val="03">RH symmetry</option>
	</param>
	<param id="16" name="日间行车灯">
		<option val="01">Always headlights</option>
		<option val="02">没有日间行车灯(标准头灯)</option>
		<option val="05">LED日间行车灯</option>
	</param>
	<param id="17" name="弱亮近光灯">
		<option val="01">没有弱亮近光灯</option>
		<option val="02">弱亮近光灯</option>
	</param>
	<param id="18" name="雾灯功能">
		<option val="01">没有雾灯</option>
		<option val="02">雾灯</option>
		<option val="06">没有雾灯(B-Max)</option>
	</param>
	<param id="19" name="尾部雾灯拖拽功能">
		<option val="02">挂车连接时雾灯关闭</option>
	</param>
	<param id="20" name="挂车模块">
		<option val="01">没有挂车模块</option>
		<option val="02">7-position socket with rear foglamp</option>
		<option val="05">13-position socket</option>
	</param>
	<param id="21" name="无钥匙进入及启动">
		<option val="01">没有无钥匙进入及启动</option>
		<option val="02">无钥匙进入及启动</option>
		<option val="03">无钥匙启动</option>
	</param>
	<param id="22" name="补偿加热">
		<option val="01">没有燃油加热器</option>
		<option val="03">驻车燃油加热器(FFPH)</option>
	</param>
	<param id="23" name="巡航控制">
		<option val="01">没有巡航控制</option>
		<option val="02">有巡航控制</option>
		<option val="03">自适应巡航控制</option>
	</param>
	<param id="24" name="雨量传感器">
		<option val="01">没有雨量传感器</option>
		<option val="02">雨量传感器</option>
	</param>
	<param id="25" name="头灯清洁">
		<option val="01">没有头灯清洗</option>
		<option val="02">头灯清洗</option>
	</param>
	<param id="26" name="转向助力类型">
		<option val="03">液压助力转向, 根据速度调节</option>
		<option val="04">电子助力转向</option>
	</param>
	<param id="27" name="行车电脑">
		<option val="01">没有行车电脑</option>
		<option val="02">行车电脑</option>
		<option val="04">行车电脑和 ECO-scout</option>
	</param>
	<param id="28" name="后备箱私人锁">
		<option val="01">没有后备箱私人锁</option>
		<option val="02">私人锁</option>
	</param>
	<param id="29" name="童锁">
		<option val="02">手动童锁</option>
		<option val="03">电子童锁</option>
	</param>
	<param id="30" name="解锁设置">
		<option val="02">两步开启</option>
		<option val="03">一步开启</option>
	</param>
	<param id="31" name="锁定及警报应答信号">
		<option val="02">锁定/解锁应答信号</option>
	</param>
	<param id="32" name="行车落锁">
		<option val="01">没有新车落锁</option>
		<option val="02">自动落锁</option>
	</param>
	<param id="33" name="等级传感器 - 如果报警">
		<option val="01">带有等级传感器</option>
	</param>
	<param id="34" name="重置 - 如果报警">
		<option val="01">没有重新触发功能</option>
		<option val="02">重新触发功能</option>
	</param>
	<param id="35" name="被动触发报警">
		<option val="01">没有自动触发报警</option>
	</param>
	<param id="36" name="恐吓报警">
		<option val="01">没有恐吓报警</option>
	</param>
	<param id="37" name="盲点系统">
		<option val="01">没有盲点系统</option>
		<option val="04">雷达盲点系统, LED提示</option>
	</param>
	<param id="39" name="PTC加热器">
		<option val="01">没有PTC加热器</option>
		<option val="02">带有PTC加热器</option>
	</param>
	<param id="40" name="电池">
	</param>
	<param id="41" name="轿跑过滤器">
	</param>
	<param id="42" name="空调">
		<option val="01">电子温控</option>
		<option val="02">带有空调</option>
		<option val="03">自动温度控制(B-Max)</option>
		<option val="04">没有空调</option>
	</param>
	<param id="43" name="速度限制">
		<option val="07">没有速度限制</option>
		<option val="04">限速 90 km/h</option>
		<option val="05">限速 100 km/h</option>
		<option val="08">限速 120 km/h</option>
		<option val="02">限速 190 km/h</option>
		<option val="03">限速 210 km/h</option>
		<option val="09">限速 240 km/h</option>
		<option val="01">限速 250 km/h</option>
	</param>
	<param id="44" name="速度报警设备">
		<option val="01">没有速度报警</option>
	</param>
	<param id="45" name="仪表盘校准">
		<option val="02">适用英国</option>
		<option val="05">适用欧洲</option>
	</param>
	<param id="47" name="内部动作传感器">
		<option val="01">没有内部动作传感器</option>
		<option val="02">内部动作传感器</option>
	</param>
	<param id="51" name="轮胎周长">
		<option val="58">1930mm (205/55 R16 V/W)</option>
		<option val="59">1935mm</option>
		<option val="64">1955mm (215/55 R16 H/V/W)</option>
		<option val="65">1930mm (235/45 R17 W)</option>
		<option val="67">1975mm</option>
		<option val="06">2005mm (225/50 R17W)</option>
	</param>
	<param id="56" name="远程驻车加热器">
		<option val="01">没有遥控驻车加热器</option>
		<option val="02">通过呼叫器远程启动</option>
		<option val="03">通过收音机远程启动</option>
	</param>
	<param id="57" name="驻车制动器">
		<option val="02">电子驻车制动器</option>
		<option val="03">手动驻车制动器</option>
	</param>
	<param id="58" name="前挡风玻璃加热">
		<option val="01">没有前挡风玻璃加热</option>
		<option val="02">前挡风玻璃加热</option>
	</param>
	<param id="59" name="停车辅助">
		<option val="01">没有停车辅助</option>
		<option val="02">仅有后停车辅助雷达</option>
		<option val="03">前后停车辅助雷达(B-Max)</option>
		<option val="05">前后停车辅助雷达, SAPP主动辅助泊车</option>
	</param>
	<param id="60" name="陡坡缓降控制">
		<option val="01">没有陡坡缓降控制</option>
	</param>
	<param id="61" name="安全带提醒">
	</param>
	<param id="62" name="波段">
		<option val="02">福特欧洲</option>
		<option val="09">福特北美</option>
	</param>
	<param id="63" name="频段 - 远程控制">
		<option val="01">315 MHz</option>
		<option val="24">434 MHz</option>
	</param>
	<param id="64" name="后排空调">
		<option val="01">没有后排空调</option>
	</param>
	<param id="65" name="玻璃类型">
		<option val="01">标准挡风玻璃</option>
		<option val="02">红外保护挡风玻璃</option>
		<option val="03">有色玻璃</option>
		<option val="04">隐私玻璃</option>
	</param>
	<param id="66" name="天窗类型">
		<option val="01">标准挡风玻璃</option>
		<option val="02">全景天窗</option>
	</param>
	<param id="67" name="辛烷值">
		<option val="01">91 RON</option>
		<option val="02">95 RON</option>
		<option val="03">不要求RON值</option>
	</param>
	<param id="68" name="发射标准">
	</param>
	<param id="69" name="车体类型">
		<option val="11">四门轿车</option>
		<option val="12">四门旅行车</option>
		<option val="13">五门轿车</option>
		<option val="29">Compact MAX</option>
		<option val="30">Grand MAV</option>
	</param>
	<param id="70" name="轮胎尺寸">
		<option val="19">235/40 R18 95Y (1965mm)</option>
		<option val="0B">T125/90 R16 98</option>
		<option val="15">215/55 R16 93W (1960mm)</option>
		<option val="13">215/55 R16 97V (1960mm)</option>
		<option val="14">215/55 R16 93V (1960mm)</option>
		<option val="38">215/55 R16 93H</option>
		<option val="54">205/55 R16 91V</option>
		<option val="56">215/55 R16 W SST</option>
		<option val="57">215/50 R17 W</option>
		<option val="0A">235/40 R18 95W XL</option>
		<option val="0C">195/65 R15 91V</option>
		<option val="02">205/60 R16 V</option>
	</param>
	<param id="71" name="最终传动比">
		<option val="01">4.059</option>
		<option val="02">4.067</option>
		<option val="09">4.27</option>
		<option val="21">3.813</option>
		<option val="30">3.85</option>
		<option val="34">3.69</option>
		<option val="35">4.25</option>
		<option val="42">3.61</option>
		<option val="44">3.895</option>
		<option val="53">4.57</option>
		<option val="54">3.26</option>
	</param>
	<param id="73" name="音箱音质">
		<option val="02">6 音箱</option>
		<option val="04">4 音箱</option>
		<option val="09">9 音箱</option>
		<option val="14">10 高规格音箱 w/低音炮</option>
		<option val="11">11 音箱 W/低音炮</option>
	</param>
	<param id="74" name="悬挂">
		<option val="01">标准负载悬挂</option>
		<option val="02">带有运动悬挂</option>
	</param>
	<param id="75" name="车身动态控制">
		<option val="01">没有BCM</option>
		<option val="02">ESP</option>
		<option val="04">仅有ABS</option>
		<option val="06">仅有ABS(B-Max)</option>
		<option val="09">ESP带有侧倾稳定控制 w/o HLA</option>
	</param>
	<param id="76" name="牵引杆">
		<option val="01">没有拖车牵引装置</option>
		<option val="02">拖车牵引装置</option>
	</param>
	<param id="81" name="主动悬挂">
		<option val="01">没有主动悬挂</option>
	</param>
	<param id="83" name="中控锁类型">
		<option val="01">没有防盗锁</option>
		<option val="02">防盗锁</option>
	</param>
	<param id="85" name="后视镜">
		<option val="01">没有自动折叠后视镜</option>
		<option val="02">自动折叠后视镜</option>
	</param>
	<param id="86" name="记忆功能">
	</param>
	<param id="87" name="照地灯">
		<option val="01">没有照地灯</option>
		<option val="02">照地灯</option>
	</param>
	<param id="88" name="自动头灯">
		<option val="01">没有自动头灯</option>
		<option val="02">自动头灯</option>
		<option val="03">带有自动远光灯</option>
	</param>
	<param id="89" name="安全气囊">
		<option val="01">没有乘员安全气囊</option>
		<option val="02">乘员安全气囊</option>
	</param>
	<param id="90" name="乘员安全气囊开关">
		<option val="01">没有乘员安全气囊开关</option>
		<option val="02">带有乘员安全气囊开关</option>
	</param>
	<param id="91" name="驾驶位侧安全气囊">
		<option val="01">没有驾驶位侧安全气囊</option>
		<option val="02">带有驾驶位侧安全气囊</option>
	</param>
	<param id="92" name="乘员位侧安全气囊">
		<option val="01">没有乘员位侧安全气囊</option>
		<option val="02">带有乘员位侧安全气囊</option>
	</param>
	<param id="93" name="语言">
		<option val="18">俄文</option>
		<option val="01">瑞典文</option>
		<option val="04">英文</option>
		<option val="05">德文</option>
		<option val="06">丹麦文</option>
		<option val="07">法文</option>
		<option val="09">西班牙文</option>
		<option val="26">中文</option>
	</param>
	<param id="96" name="碰撞缓解制动">
	</param>
	<param id="97" name="前碰撞警报">
	</param>
	<param id="98" name="车道偏离警报">
	</param>
	<param id="99" name="停车辅助摄像头">
		<option val="01">没有停车辅助摄像头</option>
		<option val="02">带有停车辅助摄像头</option>
	</param>
	<param id="101" name="胎压监测">
		<option val="01">没有胎压监测系统</option>
		<option val="05">四驱胎压传感器 胎压监测系统(TPMS)</option>
		<option val="44">漏气监测系统(DDS)</option>
	</param>
	<param id="102" name="油量传感器">
	</param>
	<param id="103" name="侧倾稳定性控制">
	</param>
	<param id="105" name="后车轮制动器类型">
	</param>
	<param id="106" name="紧急刹车灯">
		<option val="01">没有紧急刹车灯</option>
		<option val="02">紧急刹车时闪烁</option>
		<option val="04">紧急刹车灯 - 紧急警报</option>
	</param>
	<param id="108" name="天窗">
		<option val="01">天窗</option>
		<option val="02">没有天窗</option>
	</param>
	<param id="109" name="电动后车窗">
		<option val="02">电动</option>
		<option val="03">手动</option>
	</param>
	<param id="110" name="频率波段及步长">
		<option val="01">适用欧洲</option>
		<option val="03">适用美国</option>
		<option val="04">适用日本</option>
	</param>
	<param id="111" name="配置精简级别">
	</param>
	<param id="112" name="车载娱乐">
		<option val="01">没有ice pack</option>
		<option val="03">低配CD与AM/FM收音机</option>
		<option val="04">高配CD与AM/FM收音机</option>
		<option val="14">3000nt系列ice pack</option>
	</param>
	<param id="113" name="语音控制">
		<option val="01">没有语音控制</option>
		<option val="02">基础语音识别</option>
	</param>
	<param id="117" name="速度单位">
		<option val="01">KPH</option>
		<option val="02">MPH</option>
	</param>
	<param id="120" name="仪表盘中置喇叭">
		<option val="01">没有中置喇叭</option>
		<option val="02">小型中置喇叭</option>
	</param>
	<param id="124" name="音频播放器">
		<option val="01">没有音频播放器</option>
		<option val="04">单CD带MP3播放器</option>
	</param>
	<param id="123" name="音频辅助输入(AUX)">
	</param>
	<param id="125" name="卫星收音机接收器">
		<option val="01">没有数码收音机系统</option>
		<option val="02">数码音频广播收音机系统</option>
	</param>
	<param id="130" name="PAM扫描模式">
		<option val="07">模式 7 (福特标准)</option>
		<option val="08">模式 8 (福特 ST)</option>
	</param>
	<param id="131" name="前排安全带提醒">
		<option val="01">没有安全带提醒</option>
		<option val="02">安全带提醒(驾驶位 + 附驾驶位)</option>
		<option val="03">ST 安全带提醒 -Drvr/EU Tel and Snd (仅驾驶位)</option>
	</param>
	<param id="132" name="驾驶位膝部安全气囊">
		<option val="01">没有膝部安全气囊</option>
	</param>
	<param id="133" name="侧部安全气帘">
		<option val="01">没有侧部安全气帘</option>
		<option val="02">第一排与第二排侧部安全气帘(右手/左手位置)</option>
	</param>
	<param id="134" name="驾驶位安全气囊">
		<option val="01">没有驾驶位安全气囊</option>
		<option val="02">驾驶位安全气囊</option>
	</param>
	<param id="135" name="前预紧式安全带">
		<option val="01">没有预紧式安全带</option>
		<option val="02">预紧式安全带</option>
	</param>
	<param id="136" name="安全带报警">
	</param>
	<param id="139" name="尾箱开启">
	</param>
	<param id="143" name="后挡风玻璃雨刷">
		<option val="01">没有后挡风玻璃雨刷</option>
		<option val="02">后挡风玻璃雨刷</option>
		<option val="04">传动式后挡风玻璃雨刷(B-Max)</option>
	</param>
	<param id="144" name="电加热后视镜">
		<option val="02">短横臂电加热后视镜</option>
		<option val="05">长横臂电加热后视镜</option>
	</param>
	<param id="145" name="自动重新上锁">
	</param>
	<param id="147" name="误上锁音频反馈">
	</param>
	<param id="150" name="空气质量传感器">
	</param>
	<param id="154" name="USB附件">
		<option val="01">没有USB附件(B-Max)</option>
		<option val="04">带有USB和iPod功能</option>
		<option val="07">没有USB</option>
	</param>
	<param id="157" name="蓝牙免提电话">
		<option val="01">没有蓝牙免提电话</option>
		<option val="02">蓝牙免提电话</option>
		<option val="05">BT/VC 电话接口 + USB 连接</option>
		<option val="06">BT/VC + 信息 + 导航</option>
		<option val="08">SYNC一代 蓝牙电话 蓝牙音频</option>
	</param>
	<param id="158" name="乘员体重传感器(OWS)">
	</param>
	<param id="159" name="后排安全带检测">
	</param>
	<param id="161" name="前安全带自适应限力装置">
	</param>
	<param id="162" name="座椅轨道传感器">
	</param>
	<param id="172" name="触摸屏">
		<option val="03">无触摸单色屏, MFD3</option>
		<option val="04">无触摸彩色TFT屏, MFD 4</option>
		<option val="05">无触摸带显示, Starbust, MFD 2</option>
		<option val="06">无触摸彩色TFT屏, MFD 5</option>
		<option val="07">无触摸彩色TFT屏, DM4</option>
		<option val="08">无触摸彩色TFT屏, DM8 w/o 导航</option>
		<option val="09">无触摸彩色TFT屏, DM8 带导航</option>
	</param>
	<param id="177" name="自动开启尾门/箱">
	</param>
	<param id="178" name="换挡提示">
		<option val="01">没有换挡提示</option>
		<option val="02">带有换挡提示</option>
	</param>
	<param id="183" name="引擎冷却风扇性能">
	</param>
	<param id="184" name="全局打开/关闭">
		<option val="01">禁止全局开锁/关闭</option>
		<option val="02">全局打开/关闭(B-Max)</option>
		<option val="03">全局打开/关闭车门与天窗</option>
	</param>
	<param id="186" name="车门远程控制信道">
	</param>
	<param id="187" name="方向盘音频按钮">
		<option val="01">没有音频按钮</option>
		<option val="02">带有在方向盘上的音频按钮</option>
		<option val="03">带有音频按钮和MFD远程控制器</option>
	</param>
	<param id="191" name="司机状态监测">
	</param>
	<param id="192" name="城市安全系统">
	</param>
	<param id="194" name="镜面整合转向信号">
	</param>
	<param id="195" name="燃油泵">
	</param>
	<param id="196" name="尾灯">
		<option val="02">等级 1: 标准尾灯组合</option>
		<option val="03">等级 2: LED尾灯组合</option>
	</param>
	<param id="199" name="拖车稳定辅助">
	</param>
	<param id="201" name="倒档提醒声音">
	</param>
	<param id="203" name="车轮速度传感器类型">
		<option val="01">带有方向(自动泊车)</option>
		<option val="02">没有方向</option>
	</param>
	<param id="208" name="转向柱锁">
		<option val="01">带有转向柱锁</option>
		<option val="02">电子转向柱锁</option>
	</param>
	<param id="210" name="电池">
		<option val="03">T7 80Ah 700 Cold Cranking Ampere</option>
		<option val="0A">T6 IF 60Ah 650 Cold Cranking Ampere</option>
		<option val="10">T5 52Ah 500 Cold Cranking Ampere</option>
		<option val="11">T6 60Ah 590 Cold Cranking Ampere</option>
	</param>
	<param id="211" name="电池监视传感器">
	</param>
	<param id="214" name="中控面板">
		<option val="01">没有备装中控面板</option>
		<option val="02">标准中控面板</option>
		<option val="03">扩展中控面板</option>
		<option val="04">品牌中控面板</option>
		<option val="05">导航中控面板</option>
		<option val="06">品牌导航中控面板</option>
		<option val="07">扩展SYNC中控面板 w/o 导航</option>
		<option val="08">品牌中控面板/Mini EFP</option>
	</param>
	<param id="216" name="氛围灯">
		<option val="01">没有氛围灯</option>
		<option val="02">带有氛围灯(B-Max)</option>
		<option val="03">多彩LED环境灯(包 2)</option>
		<option val="04">带有车内LED环境灯</option>
	</param>
	<param id="218" name="坡道起步辅助">
		<option val="01">没有坡道起步辅助</option>
		<option val="02">带有坡道起步辅助</option>
	</param>
	<param id="222" name="起停系统">
		<option val="01">没有起停系统</option>
		<option val="02">带有起停系统</option>
	</param>
	<param id="224" name="可调节限速">
		<option val="01">没有可调节限速</option>
		<option val="02">带有可调节限速</option>
	</param>
	<param id="226" name="锁闭状态指示配置">
	</param>
	<param id="231" name="油量表">
		<option val="02">油量表 1</option>
		<option val="05">油量表 4</option>
	</param>
	<param id="236" name="方向器 C Factor">
		<option val="01">标准</option>
		<option val="03">ST</option>
	</param>
	<param id="239" name="My Key">
	</param>
	<param id="240" name="交通标志识别">
	</param>
	<param id="242" name="远程启动">
	</param>
	<param id="243" name="换档器类型">
		<option val="01">Less Man Shift 自动档</option>
		<option val="02">Select Shift 技术</option>
	</param>
</lang>
</ccc_description>